"","site","long","lat","location","dataSet"
"1",49,19.12,68.37,"Europe>Northern Europe>Scandinavia>Sweden","850Lake.Shemesh.2001"
"2",50,19.12,68.37,"Europe>Northern Europe>Scandinavia>Sweden","850Lake.Shemesh.2001"
"3",51,19.12,68.37,"Europe>Northern Europe>Scandinavia>Sweden","850Lake.Shemesh.2001"
"4",52,19.12,68.37,"Europe>Northern Europe>Scandinavia>Sweden","850Lake.Shemesh.2001"
"5",53,19.12,68.37,"Europe>Northern Europe>Scandinavia>Sweden","850Lake.Shemesh.2001"
"6",54,19.12,68.37,"Europe>Northern Europe>Scandinavia>Sweden","850Lake.Shemesh.2001"
"7",55,19.12,68.37,"Europe>Northern Europe>Scandinavia>Sweden","850Lake.Shemesh.2001"
"8",56,19.12,68.37,"Europe>Northern Europe>Scandinavia>Sweden","850Lake.Shemesh.2001"
"9",105,13.42,55.83,"Europe>Northern Europe>Scandinavia>Sweden","AgeroedsMosse.Nilsson.1964"
"10",106,13.42,55.83,"Europe>Northern Europe>Scandinavia>Sweden","AgeroedsMosse.Nilsson.1964"
"11",107,13.42,55.83,"Europe>Northern Europe>Scandinavia>Sweden","AgeroedsMosse.Nilsson.1964"
"12",108,13.42,55.83,"Europe>Northern Europe>Scandinavia>Sweden","AgeroedsMosse.Nilsson.1964"
"13",109,13.42,55.83,"Europe>Northern Europe>Scandinavia>Sweden","AgeroedsMosse.Nilsson.1964"
"14",110,13.42,55.83,"Europe>Northern Europe>Scandinavia>Sweden","AgeroedsMosse.Nilsson.1964"
"15",111,13.42,55.83,"Europe>Northern Europe>Scandinavia>Sweden","AgeroedsMosse.Nilsson.1964"
"16",119,20.48,67.97,"Europe>Northern Europe>Scandinavia>Sweden","AlanenLaanijarvi.Heinrichs.2005"
"17",120,20.48,67.97,"Europe>Northern Europe>Scandinavia>Sweden","AlanenLaanijarvi.Heinrichs.2005"
"18",121,20.48,67.97,"Europe>Northern Europe>Scandinavia>Sweden","AlanenLaanijarvi.Heinrichs.2005"
"19",122,20.48,67.97,"Europe>Northern Europe>Scandinavia>Sweden","AlanenLaanijarvi.Heinrichs.2005"
"20",123,20.48,67.97,"Europe>Northern Europe>Scandinavia>Sweden","AlanenLaanijarvi.Heinrichs.2005"
"21",124,20.48,67.97,"Europe>Northern Europe>Scandinavia>Sweden","AlanenLaanijarvi.Heinrichs.2005"
"22",125,20.48,67.97,"Europe>Northern Europe>Scandinavia>Sweden","AlanenLaanijarvi.Heinrichs.2005"
"23",126,20.48,67.97,"Europe>Northern Europe>Scandinavia>Sweden","AlanenLaanijarvi.Heinrichs.2005"
"24",185,24.8,60.58,"Europe>Northern Europe>Scandinavia>Finland","Arapisto.Sarmaja-Korjonen.2007"
"25",186,24.8,60.58,"Europe>Northern Europe>Scandinavia>Finland","Arapisto.Sarmaja-Korjonen.2007"
"26",187,24.8,60.58,"Europe>Northern Europe>Scandinavia>Finland","Arapisto.Sarmaja-Korjonen.2007"
"27",194,17.2667,68.5333,"Europe>Northern Europe>Scandinavia>Norway","Austerkjosen.Seppa.2009"
"28",195,17.2667,68.5333,"Europe>Northern Europe>Scandinavia>Norway","Austerkjosen.Seppa.2009"
"29",196,17.2667,68.5333,"Europe>Northern Europe>Scandinavia>Norway","Austerkjosen.Seppa.2009"
"30",306,36.66,66.34,"Europe>Eastern Europe>Russian Federation","Berkut.Ilyashuk.2005"
"31",307,36.66,66.34,"Europe>Eastern Europe>Russian Federation","Berkut.Ilyashuk.2005"
"32",308,36.66,66.34,"Europe>Eastern Europe>Russian Federation","Berkut.Ilyashuk.2005"
"33",309,36.66,66.34,"Europe>Eastern Europe>Russian Federation","Berkut.Ilyashuk.2005"
"34",310,36.66,66.34,"Europe>Eastern Europe>Russian Federation","Berkut.Ilyashuk.2005"
"35",311,36.66,66.34,"Europe>Eastern Europe>Russian Federation","Berkut.Ilyashuk.2005"
"36",362,18.07,68.43,"Europe>Northern Europe>Scandinavia>Norway","Bjornfjell.Brooks.2006"
"37",363,18.07,68.43,"Europe>Northern Europe>Scandinavia>Norway","Bjornfjell.Brooks.2006"
"38",364,18.07,68.43,"Europe>Northern Europe>Scandinavia>Norway","Bjornfjell.Brooks.2006"
"39",365,18.07,68.43,"Europe>Northern Europe>Scandinavia>Norway","Bjornfjell.Brooks.2006"
"40",366,18.07,68.43,"Europe>Northern Europe>Scandinavia>Norway","Bjornfjell.Brooks.2006"
"41",367,18.07,68.43,"Europe>Northern Europe>Scandinavia>Norway","Bjornfjell.Brooks.2006"
"42",368,18.07,68.43,"Europe>Northern Europe>Scandinavia>Norway","Bjornfjell.Brooks.2006"
"43",369,18.07,68.43,"Europe>Northern Europe>Scandinavia>Norway","Bjornfjell.Brooks.2006"
"44",438,8.67,61.42,"Europe>Northern Europe>Scandinavia>Norway","brurskardstjorni.Velle.2005"
"45",439,8.67,61.42,"Europe>Northern Europe>Scandinavia>Norway","brurskardstjorni.Velle.2005"
"46",440,8.67,61.42,"Europe>Northern Europe>Scandinavia>Norway","brurskardstjorni.Velle.2005"
"47",566,32.48,67.95,"Europe>Eastern Europe>Russian Federation","Chuna.Jones.2005"
"48",567,32.48,67.95,"Europe>Eastern Europe>Russian Federation","Chuna.Jones.2005"
"49",568,32.48,67.95,"Europe>Eastern Europe>Russian Federation","Chuna.Jones.2005"
"50",569,32.48,67.95,"Europe>Eastern Europe>Russian Federation","Chuna.Jones.2005"
"51",570,32.48,67.95,"Europe>Eastern Europe>Russian Federation","Chuna.Jones.2005"
"52",571,32.48,67.95,"Europe>Eastern Europe>Russian Federation","Chuna.Jones.2005"
"53",572,32.48,67.95,"Europe>Eastern Europe>Russian Federation","Chuna.Jones.2005"
"54",664,8,58.25,"Europe>Northern Europe>Scandinavia>Norway","Dalene.Seppa.2009"
"55",665,8,58.25,"Europe>Northern Europe>Scandinavia>Norway","Dalene.Seppa.2009"
"56",666,8,58.25,"Europe>Northern Europe>Scandinavia>Norway","Dalene.Seppa.2009"
"57",667,20.72,69.17,"Europe>Northern Europe>Scandinavia>Norway","Dalmutladdo.Bjune.2004"
"58",668,20.72,69.17,"Europe>Northern Europe>Scandinavia>Norway","Dalmutladdo.Bjune.2004"
"59",669,20.72,69.17,"Europe>Northern Europe>Scandinavia>Norway","Dalmutladdo.Bjune.2004"
"60",670,20.72,69.17,"Europe>Northern Europe>Scandinavia>Norway","Dalmutladdo.Bjune.2004"
"61",671,20.72,69.17,"Europe>Northern Europe>Scandinavia>Norway","Dalmutladdo.Bjune.2004"
"62",672,20.72,69.17,"Europe>Northern Europe>Scandinavia>Norway","Dalmutladdo.Bjune.2004"
"63",673,20.72,69.17,"Europe>Northern Europe>Scandinavia>Norway","Dalmutladdo.Bjune.2004"
"64",674,20.72,69.17,"Europe>Northern Europe>Scandinavia>Norway","Dalmutladdo.Bjune.2004"
"65",771,13.58,68.13,"Europe>Northern Europe>Scandinavia>Norway","Donvold.Nilssen.1983"
"66",772,13.58,68.13,"Europe>Northern Europe>Scandinavia>Norway","Donvold.Nilssen.1983"
"67",773,13.58,68.13,"Europe>Northern Europe>Scandinavia>Norway","Donvold.Nilssen.1983"
"68",774,13.58,68.13,"Europe>Northern Europe>Scandinavia>Norway","Donvold.Nilssen.1983"
"69",775,13.58,68.13,"Europe>Northern Europe>Scandinavia>Norway","Donvold.Nilssen.1983"
"70",776,13.58,68.13,"Europe>Northern Europe>Scandinavia>Norway","Donvold.Nilssen.1983"
"71",777,13.58,68.13,"Europe>Northern Europe>Scandinavia>Norway","Donvold.Nilssen.1983"
"72",960,15.81,67.22,"Europe>Northern Europe>Scandinavia>Norway","FauskeCave.Linge.2009"
"73",961,15.81,67.22,"Europe>Northern Europe>Scandinavia>Norway","FauskeCave.Linge.2009"
"74",962,15.81,67.22,"Europe>Northern Europe>Scandinavia>Norway","FauskeCave.Linge.2009"
"75",963,15.81,67.22,"Europe>Northern Europe>Scandinavia>Norway","FauskeCave.Linge.2009"
"76",970,13.67,58.58,"Europe>Northern Europe>Scandinavia>Sweden","Flarken.Berglund.1966"
"77",971,13.67,58.58,"Europe>Northern Europe>Scandinavia>Sweden","Flarken.Berglund.1966"
"78",972,13.67,58.58,"Europe>Northern Europe>Scandinavia>Sweden","Flarken.Berglund.1966"
"79",973,13.67,58.58,"Europe>Northern Europe>Scandinavia>Sweden","Flarken.Berglund.1966"
"80",974,13.67,58.58,"Europe>Northern Europe>Scandinavia>Sweden","Flarken.Berglund.1966"
"81",975,13.67,58.58,"Europe>Northern Europe>Scandinavia>Sweden","Flarken.Berglund.1966"
"82",976,13.67,58.58,"Europe>Northern Europe>Scandinavia>Sweden","Flarken.Berglund.1966"
"83",977,13.67,58.55,"Europe>Northern Europe>Scandinavia>Sweden","Flarken.Seppa.2005"
"84",978,13.67,58.55,"Europe>Northern Europe>Scandinavia>Sweden","Flarken.Seppa.2005"
"85",979,13.67,58.55,"Europe>Northern Europe>Scandinavia>Sweden","Flarken.Seppa.2005"
"86",980,7.55,59.67,"Europe>Northern Europe>Scandinavia>Norway","Flotatjonn.Seppa.2009"
"87",981,7.55,59.67,"Europe>Northern Europe>Scandinavia>Norway","Flotatjonn.Seppa.2009"
"88",982,7.55,59.67,"Europe>Northern Europe>Scandinavia>Norway","Flotatjonn.Seppa.2009"
"89",993,17.75,68.47,"Europe>Northern Europe>Scandinavia>Norway","Gammelheimvatnet.Seppa.2009"
"90",994,17.75,68.47,"Europe>Northern Europe>Scandinavia>Norway","Gammelheimvatnet.Seppa.2009"
"91",995,17.75,68.47,"Europe>Northern Europe>Scandinavia>Norway","Gammelheimvatnet.Seppa.2009"
"92",1334,15.83,60.08,"Europe>Northern Europe>Scandinavia>Sweden","Gilltjarnen.Antonsson.2006"
"93",1335,15.83,60.08,"Europe>Northern Europe>Scandinavia>Sweden","Gilltjarnen.Antonsson.2006"
"94",1336,15.83,60.08,"Europe>Northern Europe>Scandinavia>Sweden","Gilltjarnen.Antonsson.2006"
"95",1337,15.83,60.08,"Europe>Northern Europe>Scandinavia>Sweden","Gilltjarnen.Antonsson.2006"
"96",1338,15.83,60.08,"Europe>Northern Europe>Scandinavia>Sweden","Gilltjarnen.Antonsson.2006"
"97",1339,15.83,60.08,"Europe>Northern Europe>Scandinavia>Sweden","Gilltjarnen.Antonsson.2006"
"98",1351,16.53,59.83,"Europe>Northern Europe>Scandinavia>Sweden","Gloppsjon.Seppa.2009"
"99",1352,16.53,59.83,"Europe>Northern Europe>Scandinavia>Sweden","Gloppsjon.Seppa.2009"
"100",1353,16.53,59.83,"Europe>Northern Europe>Scandinavia>Sweden","Gloppsjon.Seppa.2009"
"101",1427,7.73,58.53,"Europe>Northern Europe>Scandinavia>Norway","Grostjorn.Eide.2009"
"102",1428,7.73,58.53,"Europe>Northern Europe>Scandinavia>Norway","Grostjorn.Eide.2009"
"103",1429,7.73,58.53,"Europe>Northern Europe>Scandinavia>Norway","Grostjorn.Eide.2009"
"104",1520,10.88,60.83,"Europe>Northern Europe>Scandinavia>Norway","Haugtjern.Eide.2009"
"105",1521,10.88,60.83,"Europe>Northern Europe>Scandinavia>Norway","Haugtjern.Eide.2009"
"106",1522,10.88,60.83,"Europe>Northern Europe>Scandinavia>Norway","Haugtjern.Eide.2009"
"107",1582,25.23,60.51,"Europe>Northern Europe>Scandinavia>Finland","Hirvijaervi.Luoto.2010"
"108",1583,25.23,60.51,"Europe>Northern Europe>Scandinavia>Finland","Hirvijaervi.Luoto.2010"
"109",1584,25.23,60.51,"Europe>Northern Europe>Scandinavia>Finland","Hirvijaervi.Luoto.2010"
"110",1585,25.23,60.51,"Europe>Northern Europe>Scandinavia>Finland","Hirvijaervi.Luoto.2010"
"111",1586,25.23,60.51,"Europe>Northern Europe>Scandinavia>Finland","Hirvijaervi.Luoto.2010"
"112",1587,25.23,60.51,"Europe>Northern Europe>Scandinavia>Finland","Hirvijaervi.Luoto.2010"
"113",1620,6.98,59.83,"Europe>Northern Europe>Scandinavia>Norway","Holebudalen.Seppa.2009"
"114",1621,6.98,59.83,"Europe>Northern Europe>Scandinavia>Norway","Holebudalen.Seppa.2009"
"115",1622,6.98,59.83,"Europe>Northern Europe>Scandinavia>Norway","Holebudalen.Seppa.2009"
"116",1623,6.98,59.83,"Europe>Northern Europe>Scandinavia>Norway","Holebudalen.Seppa.2009"
"117",1624,6.98,59.83,"Europe>Northern Europe>Scandinavia>Norway","Holebudalen.Seppa.2009"
"118",1625,6.98,59.83,"Europe>Northern Europe>Scandinavia>Norway","Holebudalen.Seppa.2009"
"119",1626,6.98,59.83,"Europe>Northern Europe>Scandinavia>Norway","Holebudalen.Seppa.2009"
"120",1627,6.98,59.83,"Europe>Northern Europe>Scandinavia>Norway","Holebudalen.Seppa.2009"
"121",1628,14.9264,60.6519,"Europe>Northern Europe>Scandinavia>Sweden","Holtjaernen.Giesecke.2008"
"122",1629,14.9264,60.6519,"Europe>Northern Europe>Scandinavia>Sweden","Holtjaernen.Giesecke.2008"
"123",1630,14.9264,60.6519,"Europe>Northern Europe>Scandinavia>Sweden","Holtjaernen.Giesecke.2008"
"124",1631,14.9264,60.6519,"Europe>Northern Europe>Scandinavia>Sweden","Holtjaernen.Giesecke.2008"
"125",1632,14.9264,60.6519,"Europe>Northern Europe>Scandinavia>Sweden","Holtjaernen.Giesecke.2008"
"126",1633,14.9264,60.6519,"Europe>Northern Europe>Scandinavia>Sweden","Holtjaernen.Giesecke.2008"
"127",1634,14.9264,60.6519,"Europe>Northern Europe>Scandinavia>Sweden","Holtjaernen.Giesecke.2008"
"128",1635,14.9264,60.6519,"Europe>Northern Europe>Scandinavia>Sweden","Holtjaernen.Giesecke.2008"
"129",1636,14.9264,60.6519,"Europe>Northern Europe>Scandinavia>Sweden","Holtjaernen.Giesecke.2008"
"130",1637,14.9264,60.6519,"Europe>Northern Europe>Scandinavia>Sweden","Holtjaernen.Giesecke.2008"
"131",1638,14.9264,60.6519,"Europe>Northern Europe>Scandinavia>Sweden","Holtjaernen.Giesecke.2008"
"132",1639,14.9264,60.6519,"Europe>Northern Europe>Scandinavia>Sweden","Holtjaernen.Giesecke.2008"
"133",1810,7.43,59.77,"Europe>Northern Europe>Scandinavia>Norway","Isbenttjonn.Seppa.2009"
"134",1811,7.43,59.77,"Europe>Northern Europe>Scandinavia>Norway","Isbenttjonn.Seppa.2009"
"135",1812,7.43,59.77,"Europe>Northern Europe>Scandinavia>Norway","Isbenttjonn.Seppa.2009"
"136",1890,24.22,60.73,"Europe>Northern Europe>Scandinavia>Finland","Kaartlamminsuo.Rankama.1988"
"137",1891,24.22,60.73,"Europe>Northern Europe>Scandinavia>Finland","Kaartlamminsuo.Rankama.1988"
"138",1892,24.22,60.73,"Europe>Northern Europe>Scandinavia>Finland","Kaartlamminsuo.Rankama.1988"
"139",1893,24.22,60.73,"Europe>Northern Europe>Scandinavia>Finland","Kaartlamminsuo.Rankama.1988"
"140",1894,24.22,60.73,"Europe>Northern Europe>Scandinavia>Finland","Kaartlamminsuo.Rankama.1988"
"141",1895,24.22,60.73,"Europe>Northern Europe>Scandinavia>Finland","Kaartlamminsuo.Rankama.1988"
"142",1896,24.22,60.73,"Europe>Northern Europe>Scandinavia>Finland","Kaartlamminsuo.Rankama.1988"
"143",1903,14.53,57.63,"Europe>Northern Europe>Scandinavia>Sweden","Kansjon.EPD"
"144",1904,14.53,57.63,"Europe>Northern Europe>Scandinavia>Sweden","Kansjon.EPD"
"145",1905,14.53,57.63,"Europe>Northern Europe>Scandinavia>Sweden","Kansjon.EPD"
"146",1906,14.53,57.63,"Europe>Northern Europe>Scandinavia>Sweden","Kansjon.EPD"
"147",1907,14.53,57.63,"Europe>Northern Europe>Scandinavia>Sweden","Kansjon.EPD"
"148",1908,14.53,57.63,"Europe>Northern Europe>Scandinavia>Sweden","Kansjon.EPD"
"149",1909,14.53,57.63,"Europe>Northern Europe>Scandinavia>Sweden","Kansjon.EPD"
"150",1962,10.37,62.02,"Europe>Northern Europe>Scandinavia>Norway","Kinnshaugen.Seppa.2009"
"151",1963,10.37,62.02,"Europe>Northern Europe>Scandinavia>Norway","Kinnshaugen.Seppa.2009"
"152",1964,10.37,62.02,"Europe>Northern Europe>Scandinavia>Norway","Kinnshaugen.Seppa.2009"
"153",1965,16.4044,61.8211,"Europe>Northern Europe>Scandinavia>Sweden","Klotjaernen.Pollen.Sweden"
"154",1966,16.4044,61.8211,"Europe>Northern Europe>Scandinavia>Sweden","Klotjaernen.Pollen.Sweden"
"155",1967,16.4044,61.8211,"Europe>Northern Europe>Scandinavia>Sweden","Klotjaernen.Pollen.Sweden"
"156",1968,16.4044,61.8211,"Europe>Northern Europe>Scandinavia>Sweden","Klotjaernen.Pollen.Sweden"
"157",1969,16.4044,61.8211,"Europe>Northern Europe>Scandinavia>Sweden","Klotjaernen.Pollen.Sweden"
"158",1970,16.4044,61.8211,"Europe>Northern Europe>Scandinavia>Sweden","Klotjaernen.Pollen.Sweden"
"159",1971,16.4044,61.8211,"Europe>Northern Europe>Scandinavia>Sweden","Klotjaernen.Pollen.Sweden"
"160",1972,16.4044,61.8211,"Europe>Northern Europe>Scandinavia>Sweden","Klotjaernen.Pollen.Sweden"
"161",1973,16.4044,61.8211,"Europe>Northern Europe>Scandinavia>Sweden","Klotjaernen.Pollen.Sweden"
"162",1974,16.4044,61.8211,"Europe>Northern Europe>Scandinavia>Sweden","Klotjaernen.Pollen.Sweden"
"163",1975,16.4044,61.8211,"Europe>Northern Europe>Scandinavia>Sweden","klotjarnen.Seppa.2009"
"164",1976,16.4044,61.8211,"Europe>Northern Europe>Scandinavia>Sweden","klotjarnen.Seppa.2009"
"165",1977,16.4044,61.8211,"Europe>Northern Europe>Scandinavia>Sweden","klotjarnen.Seppa.2009"
"166",2061,35.32,68.8,"Europe>Eastern Europe>Russian Federation","KP2.Seppa.2009"
"167",2062,35.32,68.8,"Europe>Eastern Europe>Russian Federation","KP2.Seppa.2009"
"168",2063,35.32,68.8,"Europe>Eastern Europe>Russian Federation","KP2.Seppa.2009"
"169",2214,26.0833,61.4833,"Europe>Northern Europe>Scandinavia>Finland","Laihalampi.Giesecke.2008"
"170",2215,26.0833,61.4833,"Europe>Northern Europe>Scandinavia>Finland","Laihalampi.Giesecke.2008"
"171",2216,26.0833,61.4833,"Europe>Northern Europe>Scandinavia>Finland","Laihalampi.Giesecke.2008"
"172",2217,26.0833,61.4833,"Europe>Northern Europe>Scandinavia>Finland","Laihalampi.Giesecke.2008"
"173",2218,26.0833,61.4833,"Europe>Northern Europe>Scandinavia>Finland","Laihalampi.Giesecke.2008"
"174",2219,26.0833,61.4833,"Europe>Northern Europe>Scandinavia>Finland","Laihalampi.Giesecke.2008"
"175",2220,26.0833,61.4833,"Europe>Northern Europe>Scandinavia>Finland","Laihalampi.Giesecke.2008"
"176",2221,26.0833,61.4833,"Europe>Northern Europe>Scandinavia>Finland","Laihalampi.Giesecke.2008"
"177",2222,26.0833,61.4833,"Europe>Northern Europe>Scandinavia>Finland","Laihalampi.Giesecke.2008"
"178",2223,26.0833,61.4833,"Europe>Northern Europe>Scandinavia>Finland","Laihalampi.Giesecke.2008"
"179",2224,26.07,61.48,"Europe>Northern Europe>Scandinavia>Finland","Laihalampi.Heikkila.2003"
"180",2225,26.07,61.48,"Europe>Northern Europe>Scandinavia>Finland","Laihalampi.Heikkila.2003"
"181",2226,26.07,61.48,"Europe>Northern Europe>Scandinavia>Finland","Laihalampi.Heikkila.2003"
"182",2246,25,69,"Europe>Northern Europe>Scandinavia>Norway","Lapland.Helama.2009"
"183",2247,25,69,"Europe>Northern Europe>Scandinavia>Norway","Lapland.Helama.2009"
"184",2306,14.87,68.52,"Europe>Northern Europe>Scandinavia>Norway","Liltlvatn.Seppa.2009"
"185",2307,14.87,68.52,"Europe>Northern Europe>Scandinavia>Norway","Liltlvatn.Seppa.2009"
"186",2308,14.87,68.52,"Europe>Northern Europe>Scandinavia>Norway","Liltlvatn.Seppa.2009"
"187",3128,29.8992,60.5309,"Europe>Eastern Europe>Russian Federation","Medvedevskoe.Nazarova.2018"
"188",3129,29.8992,60.5309,"Europe>Eastern Europe>Russian Federation","Medvedevskoe.Nazarova.2018"
"189",3130,29.8992,60.5309,"Europe>Eastern Europe>Russian Federation","Medvedevskoe.Nazarova.2018"
"190",3131,29.8992,60.5309,"Europe>Eastern Europe>Russian Federation","Medvedevskoe.Nazarova.2018"
"191",3132,29.8992,60.5309,"Europe>Eastern Europe>Russian Federation","Medvedevskoe.Nazarova.2018"
"192",3133,29.8992,60.5309,"Europe>Eastern Europe>Russian Federation","Medvedevskoe.Nazarova.2018"
"193",3134,29.8992,60.5309,"Europe>Eastern Europe>Russian Federation","Medvedevskoe.Nazarova.2018"
"194",3135,29.8992,60.5309,"Europe>Eastern Europe>Russian Federation","Medvedevskoe.Nazarova.2018"
"195",3136,29.8992,60.5309,"Europe>Eastern Europe>Russian Federation","Medvedevskoe.Nazarova.2018"
"196",3349,16.38,68.65,"Europe>Northern Europe>Scandinavia>Norway","Myrvatn.Seppa.2009"
"197",3350,16.38,68.65,"Europe>Northern Europe>Scandinavia>Norway","Myrvatn.Seppa.2009"
"198",3351,16.38,68.65,"Europe>Northern Europe>Scandinavia>Norway","Myrvatn.Seppa.2009"
"199",3378,24.7,61.8,"Europe>Northern Europe>Scandinavia>Finland","Nautajarvi.Seppa.2009"
"200",3379,24.7,61.8,"Europe>Northern Europe>Scandinavia>Finland","Nautajarvi.Seppa.2009"
"201",3423,18.78,68.33,"Europe>Northern Europe>Scandinavia>Sweden","Njakajaure.Bigler.2006"
"202",3424,18.78,68.33,"Europe>Northern Europe>Scandinavia>Sweden","Njakajaure.Bigler.2006"
"203",3425,18.78,68.33,"Europe>Northern Europe>Scandinavia>Sweden","Njakajaure.Bigler.2006"
"204",3426,18.7,68.37,"Europe>Northern Europe>Scandinavia>Sweden","Njulla.Larocque.2004"
"205",3427,18.7,68.37,"Europe>Northern Europe>Scandinavia>Sweden","Njulla.Larocque.2004"
"206",3428,18.7,68.37,"Europe>Northern Europe>Scandinavia>Sweden","Njulla.Larocque.2004"
"207",3906,9.83,62.27,"Europe>Northern Europe>Scandinavia>Norway","Ratasjoen.Velle.2005"
"208",3907,9.83,62.27,"Europe>Northern Europe>Scandinavia>Norway","Ratasjoen.Velle.2005"
"209",3908,9.83,62.27,"Europe>Northern Europe>Scandinavia>Norway","Ratasjoen.Velle.2005"
"210",3939,7.78,58.32,"Europe>Northern Europe>Scandinavia>Norway","Reiarsdalvatnet.Seppa.2009"
"211",3940,7.78,58.32,"Europe>Northern Europe>Scandinavia>Norway","Reiarsdalvatnet.Seppa.2009"
"212",3941,7.78,58.32,"Europe>Northern Europe>Scandinavia>Norway","Reiarsdalvatnet.Seppa.2009"
"213",3964,29.15,66.17,"Europe>Northern Europe>Scandinavia>Finland","Rukatunturi.Hicks.1985"
"214",3965,29.15,66.17,"Europe>Northern Europe>Scandinavia>Finland","Rukatunturi.Hicks.1985"
"215",3966,29.15,66.17,"Europe>Northern Europe>Scandinavia>Finland","Rukatunturi.Hicks.1985"
"216",3967,29.15,66.17,"Europe>Northern Europe>Scandinavia>Finland","Rukatunturi.Hicks.1985"
"217",3968,29.15,66.17,"Europe>Northern Europe>Scandinavia>Finland","Rukatunturi.Hicks.1985"
"218",3969,29.15,66.17,"Europe>Northern Europe>Scandinavia>Finland","Rukatunturi.Hicks.1985"
"219",3970,29.15,66.17,"Europe>Northern Europe>Scandinavia>Finland","Rukatunturi.Hicks.1985"
"220",4077,18.07,67.37,"Europe>Northern Europe>Scandinavia>Sweden","sjuuodjijaure.Rosen.2001"
"221",4078,18.07,67.37,"Europe>Northern Europe>Scandinavia>Sweden","sjuuodjijaure.Rosen.2001"
"222",4079,18.07,67.37,"Europe>Northern Europe>Scandinavia>Sweden","sjuuodjijaure.Rosen.2001"
"223",4080,18.07,67.37,"Europe>Northern Europe>Scandinavia>Sweden","sjuuodjijaure.Rosen.2001"
"224",4081,18.07,67.37,"Europe>Northern Europe>Scandinavia>Sweden","sjuuodjijaure.Rosen.2001"
"225",4082,18.07,67.37,"Europe>Northern Europe>Scandinavia>Sweden","sjuuodjijaure.Rosen.2001"
"226",4083,18.07,67.37,"Europe>Northern Europe>Scandinavia>Sweden","sjuuodjijaure.Rosen.2001"
"227",4084,18.07,67.37,"Europe>Northern Europe>Scandinavia>Sweden","sjuuodjijaure.Rosen.2001"
"228",4085,18.07,67.37,"Europe>Northern Europe>Scandinavia>Sweden","sjuuodjijaure.Rosen.2001"
"229",4086,18.07,67.37,"Europe>Northern Europe>Scandinavia>Sweden","sjuuodjijaure.Rosen.2001"
"230",4087,18.07,67.37,"Europe>Northern Europe>Scandinavia>Sweden","sjuuodjijaure.Rosen.2001"
"231",4192,29.28,67.81,"Europe>Northern Europe>Scandinavia>Finland","Sokli.Shala.2017"
"232",4193,29.28,67.81,"Europe>Northern Europe>Scandinavia>Finland","Sokli.Shala.2017"
"233",4194,29.28,67.81,"Europe>Northern Europe>Scandinavia>Finland","Sokli.Shala.2017"
"234",4195,29.28,67.81,"Europe>Northern Europe>Scandinavia>Finland","Sokli.Shala.2017"
"235",4196,29.28,67.81,"Europe>Northern Europe>Scandinavia>Finland","Sokli.Shala.2017"
"236",4197,29.28,67.81,"Europe>Northern Europe>Scandinavia>Finland","Sokli.Shala.2017"
"237",4198,29.28,67.81,"Europe>Northern Europe>Scandinavia>Finland","Sokli.Shala.2017"
"238",4199,29.28,67.81,"Europe>Northern Europe>Scandinavia>Finland","Sokli.Shala.2017"
"239",4200,29.28,67.81,"Europe>Northern Europe>Scandinavia>Finland","Sokli.Shala.2017"
"240",4201,29.28,67.81,"Europe>Northern Europe>Scandinavia>Finland","Sokli.Shala.2017"
"241",4242,13.68,66.62,"Europe>Northern Europe>Scandinavia>Norway","Soylegrotta.Lauritzen.1999"
"242",4243,13.68,66.62,"Europe>Northern Europe>Scandinavia>Norway","Soylegrotta.Lauritzen.1999"
"243",4250,12.32,63.12,"Europe>Northern Europe>Scandinavia>Sweden","Spaime.Hammarlund.2004"
"244",4251,12.32,63.12,"Europe>Northern Europe>Scandinavia>Sweden","Spaime.Hammarlund.2004"
"245",4252,12.32,63.12,"Europe>Northern Europe>Scandinavia>Sweden","Spaime.Hammarlund.2004"
"246",4253,12.32,63.12,"Europe>Northern Europe>Scandinavia>Sweden","Spaime.Hammarlund.2004"
"247",4254,12.32,63.12,"Europe>Northern Europe>Scandinavia>Sweden","Spaime.Hammarlund.2004"
"248",4255,12.32,63.12,"Europe>Northern Europe>Scandinavia>Sweden","Spaime.Hammarlund.2004"
"249",4270,32.92,56.58,"Europe>Eastern Europe>Russian Federation","StaroselskyMoch.Novenko.2018"
"250",4271,32.92,56.58,"Europe>Eastern Europe>Russian Federation","StaroselskyMoch.Novenko.2018"
"251",4272,32.92,56.58,"Europe>Eastern Europe>Russian Federation","StaroselskyMoch.Novenko.2018"
"252",4273,32.92,56.58,"Europe>Eastern Europe>Russian Federation","StaroselskyMoch.Novenko.2018"
"253",4274,32.92,56.58,"Europe>Eastern Europe>Russian Federation","StaroselskyMoch.Novenko.2018"
"254",4275,32.92,56.58,"Europe>Eastern Europe>Russian Federation","StaroselskyMoch.Novenko.2018"
"255",4276,32.92,56.58,"Europe>Eastern Europe>Russian Federation","StaroselskyMoch.Novenko.2018"
"256",4277,32.92,56.58,"Europe>Eastern Europe>Russian Federation","StaroselskyMoch.Novenko.2018"
"257",4278,32.92,56.58,"Europe>Eastern Europe>Russian Federation","StaroselskyMoch.Novenko.2018"
"258",4279,32.92,56.58,"Europe>Eastern Europe>Russian Federation","StaroselskyMoch.Novenko.2018"
"259",4280,32.92,56.58,"Europe>Eastern Europe>Russian Federation","StaroselskyMoch.Novenko.2018"
"260",4281,32.92,56.58,"Europe>Eastern Europe>Russian Federation","StaroselskyMoch.Novenko.2018"
"261",4282,32.92,56.58,"Europe>Eastern Europe>Russian Federation","StaroselskyMoch.Novenko.2018"
"262",4283,32.92,56.58,"Europe>Eastern Europe>Russian Federation","StaroselskyMoch.Novenko.2018"
"263",4284,32.92,56.58,"Europe>Eastern Europe>Russian Federation","StaroselskyMoch.Novenko.2018"
"264",4285,32.92,56.58,"Europe>Eastern Europe>Russian Federation","StaroselskyMoch.Novenko.2018"
"265",4286,32.92,56.58,"Europe>Eastern Europe>Russian Federation","StaroselskyMoch.Novenko.2018"
"266",4287,32.92,56.58,"Europe>Eastern Europe>Russian Federation","StaroselskyMoch.Novenko.2018"
"267",4466,14.05,66.44,"Europe>Northern Europe>Scandinavia>Norway","Svanavatnet.Bjune.2008"
"268",4467,14.05,66.44,"Europe>Northern Europe>Scandinavia>Norway","Svanavatnet.Bjune.2008"
"269",4468,14.05,66.44,"Europe>Northern Europe>Scandinavia>Norway","Svanavatnet.Bjune.2008"
"270",4469,14.05,66.44,"Europe>Northern Europe>Scandinavia>Norway","Svanavatnet.Bjune.2008"
"271",4470,14.05,66.44,"Europe>Northern Europe>Scandinavia>Norway","Svanavatnet.Bjune.2008"
"272",4471,14.05,66.44,"Europe>Northern Europe>Scandinavia>Norway","Svanavatnet.Bjune.2008"
"273",4472,9.55,63.35,"Europe>Northern Europe>Scandinavia>Norway","Svartvatnet-Norway.Seppa.2009"
"274",4473,9.55,63.35,"Europe>Northern Europe>Scandinavia>Norway","Svartvatnet-Norway.Seppa.2009"
"275",4474,9.55,63.35,"Europe>Northern Europe>Scandinavia>Norway","Svartvatnet-Norway.Seppa.2009"
"276",4562,9.42,63.05,"Europe>Northern Europe>Scandinavia>Norway","Tiavatnet.Seppa.2009"
"277",4563,9.42,63.05,"Europe>Northern Europe>Scandinavia>Norway","Tiavatnet.Seppa.2009"
"278",4564,9.42,63.05,"Europe>Northern Europe>Scandinavia>Norway","Tiavatnet.Seppa.2009"
"279",4565,18.7,68.33,"Europe>Northern Europe>Scandinavia>Sweden","Tibetanus.Hammarlund.2002"
"280",4566,18.7,68.33,"Europe>Northern Europe>Scandinavia>Sweden","Tibetanus.Hammarlund.2002"
"281",4567,18.7,68.33,"Europe>Northern Europe>Scandinavia>Sweden","Tibetanus.Hammarlund.2002"
"282",4568,18.7,68.33,"Europe>Northern Europe>Scandinavia>Sweden","Tibetanus.Hammarlund.2002"
"283",4569,18.7,68.33,"Europe>Northern Europe>Scandinavia>Sweden","Tibetanus.Hammarlund.2002"
"284",4570,18.7,68.33,"Europe>Northern Europe>Scandinavia>Sweden","Tibetanus.Hammarlund.2002"
"285",4571,18.7,68.33,"Europe>Northern Europe>Scandinavia>Sweden","Tibetanus.Hammarlund.2002"
"286",4572,18.7,68.33,"Europe>Northern Europe>Scandinavia>Sweden","Tibetanus.Hammarlund.2002"
"287",4573,18.7,68.33,"Europe>Northern Europe>Scandinavia>Sweden","Tibetanus.Hammarlund.2002"
"288",4574,18.7,68.33,"Europe>Northern Europe>Scandinavia>Sweden","Tibetanus.Hammarlund.2002"
"289",4615,9.67,62.38,"Europe>Northern Europe>Scandinavia>Norway","Topptjonna.Paus.2011"
"290",4616,9.67,62.38,"Europe>Northern Europe>Scandinavia>Norway","Topptjonna.Paus.2011"
"291",4617,9.67,62.38,"Europe>Northern Europe>Scandinavia>Norway","Topptjonna.Paus.2011"
"292",4618,9.67,62.38,"Europe>Northern Europe>Scandinavia>Norway","Topptjonna.Paus.2011"
"293",4619,9.67,62.38,"Europe>Northern Europe>Scandinavia>Norway","Topptjonna.Paus.2011"
"294",4620,20,68,"Europe>Northern Europe>Scandinavia>Sweden","Tornetrask.Grudd.2002"
"295",4621,20,68,"Europe>Northern Europe>Scandinavia>Sweden","Tornetrask.Grudd.2002"
"296",4622,21.47,69.2,"Europe>Northern Europe>Scandinavia>Finland","Toskaljavri.Seppa.2002"
"297",4623,21.47,69.2,"Europe>Northern Europe>Scandinavia>Finland","Toskaljavri.Seppa.2002"
"298",4624,21.47,69.2,"Europe>Northern Europe>Scandinavia>Finland","Toskaljavri.Seppa.2002"
"299",4655,11.6,58.55,"Europe>Northern Europe>Scandinavia>Sweden","Trehorningen.Antonsson.2007"
"300",4656,11.6,58.55,"Europe>Northern Europe>Scandinavia>Sweden","Trehorningen.Antonsson.2007"
"301",4657,11.6,58.55,"Europe>Northern Europe>Scandinavia>Sweden","Trehorningen.Antonsson.2007"
"302",4658,7,60.72,"Europe>Northern Europe>Scandinavia>Norway","Trettetjorn.Bjune.2005"
"303",4659,7,60.72,"Europe>Northern Europe>Scandinavia>Norway","Trettetjorn.Bjune.2005"
"304",4660,7,60.72,"Europe>Northern Europe>Scandinavia>Norway","Trettetjorn.Bjune.2005"
"305",4679,22.05,68.41,"Europe>Northern Europe>Scandinavia>Sweden","Tsuolbmajavri.Korhola.2002"
"306",4680,22.05,68.41,"Europe>Northern Europe>Scandinavia>Sweden","Tsuolbmajavri.Korhola.2002"
"307",4681,22.05,68.41,"Europe>Northern Europe>Scandinavia>Sweden","Tsuolbmajavri.Korhola.2002"
"308",4682,22.05,68.41,"Europe>Northern Europe>Scandinavia>Sweden","Tsuolbmajavri.Korhola.2002"
"309",4683,22.05,68.41,"Europe>Northern Europe>Scandinavia>Sweden","Tsuolbmajavri.Korhola.2002"
"310",4684,22.05,68.41,"Europe>Northern Europe>Scandinavia>Sweden","Tsuolbmajavri.Korhola.2002"
"311",4685,22.05,68.41,"Europe>Northern Europe>Scandinavia>Sweden","Tsuolbmajavri.Korhola.2002"
"312",4686,22.05,68.41,"Europe>Northern Europe>Scandinavia>Sweden","Tsuolbmajavri.Korhola.2002"
"313",4687,22.05,68.41,"Europe>Northern Europe>Scandinavia>Sweden","Tsuolbmajavri.Korhola.2002"
"314",4688,22.05,68.41,"Europe>Northern Europe>Scandinavia>Sweden","Tsuolbmajavri.Korhola.2002"
"315",4763,6,59.82,"Europe>Northern Europe>Scandinavia>Norway","VestreOykjamyrtorn.EPD"
"316",4764,6,59.82,"Europe>Northern Europe>Scandinavia>Norway","VestreOykjamyrtorn.EPD"
"317",4765,6,59.82,"Europe>Northern Europe>Scandinavia>Norway","VestreOykjamyrtorn.EPD"
"318",4766,6,59.82,"Europe>Northern Europe>Scandinavia>Norway","VestreOykjamyrtorn.EPD"
"319",4767,6,59.82,"Europe>Northern Europe>Scandinavia>Norway","VestreOykjamyrtorn.EPD"
"320",4768,6,59.82,"Europe>Northern Europe>Scandinavia>Norway","VestreOykjamyrtorn.EPD"
"321",4769,6,59.82,"Europe>Northern Europe>Scandinavia>Norway","VestreOykjamyrtorn.EPD"
"322",4770,6,59.82,"Europe>Northern Europe>Scandinavia>Norway","VestreOykjamytjorn.Velle.2005"
"323",4771,6,59.82,"Europe>Northern Europe>Scandinavia>Norway","VestreOykjamytjorn.Velle.2005"
"324",4772,6,59.82,"Europe>Northern Europe>Scandinavia>Norway","VestreOykjamytjorn.Velle.2005"
"325",4773,6,59.82,"Europe>Northern Europe>Scandinavia>Norway","VestreOykjamytjorn.Velle.2005"
"326",4781,14.063,68.227,"Europe>Northern Europe>Scandinavia>Norway","vikjordvatnet.Balascio.2012"
"327",4782,14.063,68.227,"Europe>Northern Europe>Scandinavia>Norway","vikjordvatnet.Balascio.2012"
"328",4783,14.063,68.227,"Europe>Northern Europe>Scandinavia>Norway","vikjordvatnet.Balascio.2012"
"329",4824,15.72,66.25,"Europe>Northern Europe>Scandinavia>Sweden","Vuoksjavratje.Berntsson.2014"
"330",4825,15.72,66.25,"Europe>Northern Europe>Scandinavia>Sweden","Vuoksjavratje.Berntsson.2014"
"331",4826,15.72,66.25,"Europe>Northern Europe>Scandinavia>Sweden","Vuoksjavratje.Berntsson.2014"
"332",4827,15.72,66.25,"Europe>Northern Europe>Scandinavia>Sweden","Vuoksjavratje.Berntsson.2014"
"333",4828,15.72,66.25,"Europe>Northern Europe>Scandinavia>Sweden","Vuoksjavratje.Berntsson.2014"
"334",4829,18.75,68.33,"Europe>Northern Europe>Scandinavia>Sweden","VuolepNjakajaure.Heinrichs.2006"
"335",4830,18.75,68.33,"Europe>Northern Europe>Scandinavia>Sweden","VuolepNjakajaure.Heinrichs.2006"
"336",4831,18.75,68.33,"Europe>Northern Europe>Scandinavia>Sweden","VuolepNjakajaure.Heinrichs.2006"
"337",4832,18.75,68.33,"Europe>Northern Europe>Scandinavia>Sweden","VuolepNjakajaure.Heinrichs.2006"
"338",4833,18.75,68.33,"Europe>Northern Europe>Scandinavia>Sweden","VuolepNjakajaure.Heinrichs.2006"
"339",4834,18.75,68.33,"Europe>Northern Europe>Scandinavia>Sweden","VuolepNjakajaure.Heinrichs.2006"
"340",4835,18.75,68.33,"Europe>Northern Europe>Scandinavia>Sweden","VuolepNjakajaure.Heinrichs.2006"
"341",4836,18.75,68.33,"Europe>Northern Europe>Scandinavia>Sweden","VuolepNjakajaure.Heinrichs.2006"
"342",4837,18.75,68.33,"Europe>Northern Europe>Scandinavia>Sweden","VuolepNjakajaure.Heinrichs.2006"
"343",4838,19.1,68.33,"Europe>Northern Europe>Scandinavia>Sweden","vuoskkujavri.Bigler.2002"
"344",4839,19.1,68.33,"Europe>Northern Europe>Scandinavia>Sweden","vuoskkujavri.Bigler.2002"
"345",4840,19.1,68.33,"Europe>Northern Europe>Scandinavia>Sweden","vuoskkujavri.Bigler.2002"
"346",4841,19.1,68.33,"Europe>Northern Europe>Scandinavia>Sweden","vuoskkujavri.Bigler.2002"
"347",4842,19.1,68.33,"Europe>Northern Europe>Scandinavia>Sweden","vuoskkujavri.Bigler.2002"
"348",4843,19.1,68.33,"Europe>Northern Europe>Scandinavia>Sweden","vuoskkujavri.Bigler.2002"
"349",4844,19.1,68.33,"Europe>Northern Europe>Scandinavia>Sweden","vuoskkujavri.Bigler.2002"
"350",4845,19.1,68.33,"Europe>Northern Europe>Scandinavia>Sweden","vuoskkujavri.Bigler.2002"
"351",4846,19.1,68.33,"Europe>Northern Europe>Scandinavia>Sweden","vuoskkujavri.Bigler.2002"
"352",5035,36.07,69.07,"Europe>Eastern Europe>Russian Federation","Yarnyshnoe.Seppa.2008"
"353",5036,36.07,69.07,"Europe>Eastern Europe>Russian Federation","Yarnyshnoe.Seppa.2008"
"354",5037,36.07,69.07,"Europe>Eastern Europe>Russian Federation","Yarnyshnoe.Seppa.2008"
"355",5038,22.87,62.13,"Europe>Northern Europe>Scandinavia>Finland","Ylimysneva.Huttunen.1990"
"356",5039,22.87,62.13,"Europe>Northern Europe>Scandinavia>Finland","Ylimysneva.Huttunen.1990"
"357",5040,22.87,62.13,"Europe>Northern Europe>Scandinavia>Finland","Ylimysneva.Huttunen.1990"
"358",5041,22.87,62.13,"Europe>Northern Europe>Scandinavia>Finland","Ylimysneva.Huttunen.1990"
"359",5042,22.87,62.13,"Europe>Northern Europe>Scandinavia>Finland","Ylimysneva.Huttunen.1990"
"360",5043,22.87,62.13,"Europe>Northern Europe>Scandinavia>Finland","Ylimysneva.Huttunen.1990"
"361",5044,22.87,62.13,"Europe>Northern Europe>Scandinavia>Finland","Ylimysneva.Huttunen.1990"
